row_type,contrast_id,control_config,treatment_config,temperature,branch,metric,status,seed,control_status,treatment_status,requested_samples,control_quality_count,treatment_quality_count,control_value,treatment_value,difference,defined_seed_count,expected_seed_count,mean_difference,sample_sd
seed,primary,ct_t100,ce_t100,1.0,released_comparable,validity,completed,1600,completed,completed,100,,,0.99,0.99,0.0,,,,
seed,primary,ct_t100,ce_t100,1.0,released_comparable,validity,completed,1601,completed,completed,100,,,0.96,0.97,0.01,,,,
summary,primary,ct_t100,ce_t100,1.0,released_comparable,validity,completed,,,,,,,,,,2,2,0.005,0.007071067811865475
seed,primary,ct_t100,ce_t100,1.0,released_comparable,uniqueness,completed,1600,completed,completed,100,,,1.0,1.0,0.0,,,,
seed,primary,ct_t100,ce_t100,1.0,released_comparable,uniqueness,completed,1601,completed,completed,100,,,0.9895833333333334,0.9896907216494846,0.0001073883161512,,,,
summary,primary,ct_t100,ce_t100,1.0,released_comparable,uniqueness,completed,,,,,,,,,,2,2,5.36941580756e-05,7.593500657071836e-05
seed,primary,ct_t100,ce_t100,1.0,released_comparable,quality,completed,1600,completed,completed,100,51,44,0.51,0.44,-0.07,,,,
seed,primary,ct_t100,ce_t100,1.0,released_comparable,quality,completed,1601,completed,completed,100,42,38,0.42,0.38,-0.04,,,,
summary,primary,ct_t100,ce_t100,1.0,released_comparable,quality,completed,,,,,,,,,,2,2,-0.055,0.021213203435596427
seed,primary,ct_t100,ce_t100,1.0,released_comparable,diversity,completed,1600,completed,completed,100,,,0.909109357554778,0.9000102464069775,-0.0090991111478005,,,,
seed,primary,ct_t100,ce_t100,1.0,released_comparable,diversity,completed,1601,completed,completed,100,,,0.908897251211124,0.905074375967845,-0.003822875243279,,,,
summary,primary,ct_t100,ce_t100,1.0,released_comparable,diversity,completed,,,,,,,,,,2,2,-0.00646099319553975,0.00373086218722709
seed,primary,ct_t100,ce_t100,1.0,strict,validity,completed,1600,completed,completed,100,,,0.43,0.7,0.27,,,,
seed,primary,ct_t100,ce_t100,1.0,strict,validity,completed,1601,completed,completed,100,,,0.35,0.59,0.24,,,,
summary,primary,ct_t100,ce_t100,1.0,strict,validity,completed,,,,,,,,,,2,2,0.255,0.021213203435596427
seed,primary,ct_t100,ce_t100,1.0,strict,uniqueness,completed,1600,completed,completed,100,,,1.0,1.0,0.0,,,,
seed,primary,ct_t100,ce_t100,1.0,strict,uniqueness,completed,1601,completed,completed,100,,,1.0,1.0,0.0,,,,
summary,primary,ct_t100,ce_t100,1.0,strict,uniqueness,completed,,,,,,,,,,2,2,0.0,0.0
seed,primary,ct_t100,ce_t100,1.0,strict,quality,completed,1600,completed,completed,100,22,31,0.22,0.31,0.09,,,,
seed,primary,ct_t100,ce_t100,1.0,strict,quality,completed,1601,completed,completed,100,20,21,0.2,0.21,0.01,,,,
summary,primary,ct_t100,ce_t100,1.0,strict,quality,completed,,,,,,,,,,2,2,0.05,0.0565685424949238
seed,primary,ct_t100,ce_t100,1.0,strict,diversity,completed,1600,completed,completed,100,,,0.8911881371023643,0.8832287718139841,-0.0079593652883802,,,,
seed,primary,ct_t100,ce_t100,1.0,strict,diversity,completed,1601,completed,completed,100,,,0.8816259522920477,0.8901047318180996,0.0084787795260519,,,,
summary,primary,ct_t100,ce_t100,1.0,strict,diversity,completed,,,,,,,,,,2,2,0.00025970711883585,0.01162352366841142
seed,secondary,ct_t050,ce_t050,0.5,released_comparable,validity,completed,1600,completed,completed,100,,,0.99,0.99,0.0,,,,
seed,secondary,ct_t050,ce_t050,0.5,released_comparable,validity,completed,1601,completed,completed,100,,,0.98,0.99,0.01,,,,
summary,secondary,ct_t050,ce_t050,0.5,released_comparable,validity,completed,,,,,,,,,,2,2,0.005,0.007071067811865475
seed,secondary,ct_t050,ce_t050,0.5,released_comparable,uniqueness,completed,1600,completed,completed,100,,,0.98989898989899,1.0,0.01010101010101,,,,
seed,secondary,ct_t050,ce_t050,0.5,released_comparable,uniqueness,completed,1601,completed,completed,100,,,1.0,0.98989898989899,-0.01010101010101,,,,
summary,secondary,ct_t050,ce_t050,0.5,released_comparable,uniqueness,completed,,,,,,,,,,2,2,0.0,0.01428498547851597
seed,secondary,ct_t050,ce_t050,0.5,released_comparable,quality,completed,1600,completed,completed,100,53,49,0.53,0.49,-0.04,,,,
seed,secondary,ct_t050,ce_t050,0.5,released_comparable,quality,completed,1601,completed,completed,100,56,56,0.56,0.56,0.0,,,,
summary,secondary,ct_t050,ce_t050,0.5,released_comparable,quality,completed,,,,,,,,,,2,2,-0.02,0.0282842712474619
seed,secondary,ct_t050,ce_t050,0.5,released_comparable,diversity,completed,1600,completed,completed,100,,,0.8858333270613752,0.89214273013447,0.0063094030730948,,,,
seed,secondary,ct_t050,ce_t050,0.5,released_comparable,diversity,completed,1601,completed,completed,100,,,0.8818391222173196,0.8837802496579382,0.0019411274406186,,,,
summary,secondary,ct_t050,ce_t050,0.5,released_comparable,diversity,completed,,,,,,,,,,2,2,0.0041252652568567,0.0030888373218158757
seed,secondary,ct_t050,ce_t050,0.5,strict,validity,completed,1600,completed,completed,100,,,0.78,0.63,-0.15,,,,
seed,secondary,ct_t050,ce_t050,0.5,strict,validity,completed,1601,completed,completed,100,,,0.76,0.71,-0.05,,,,
summary,secondary,ct_t050,ce_t050,0.5,strict,validity,completed,,,,,,,,,,2,2,-0.1,0.07071067811865475
seed,secondary,ct_t050,ce_t050,0.5,strict,uniqueness,completed,1600,completed,completed,100,,,1.0,1.0,0.0,,,,
seed,secondary,ct_t050,ce_t050,0.5,strict,uniqueness,completed,1601,completed,completed,100,,,1.0,1.0,0.0,,,,
summary,secondary,ct_t050,ce_t050,0.5,strict,uniqueness,completed,,,,,,,,,,2,2,0.0,0.0
seed,secondary,ct_t050,ce_t050,0.5,strict,quality,completed,1600,completed,completed,100,45,37,0.45,0.37,-0.08,,,,
seed,secondary,ct_t050,ce_t050,0.5,strict,quality,completed,1601,completed,completed,100,43,42,0.43,0.42,-0.01,,,,
summary,secondary,ct_t050,ce_t050,0.5,strict,quality,completed,,,,,,,,,,2,2,-0.045,0.049497474683058325
seed,secondary,ct_t050,ce_t050,0.5,strict,diversity,completed,1600,completed,completed,100,,,0.8740619513327853,0.869567489232414,-0.0044944621003713,,,,
seed,secondary,ct_t050,ce_t050,0.5,strict,diversity,completed,1601,completed,completed,100,,,0.8624392642330898,0.8705083444858802,0.0080690802527904,,,,
summary,secondary,ct_t050,ce_t050,0.5,strict,diversity,completed,,,,,,,,,,2,2,0.00178730907620955,0.008883765993645033
